runfilepath,concurrencyControl,needsRetry,terminals,Session Time,Predict Time,Lock Time,Abort Time,Execute Time,Transaction Count,Retry Number,Aborted Count,Commit Count,Waited Count,Timeout Count,Error Count
,,,,,,,,,,,,,,,
/opt/pg/tpcc/data-80.csv,others,off,5,0.773,0,0.0,0.0,0.7664,397,0,176,221,0,0,0
/opt/pg/tpcc/data-80.csv,others,off,5,0.751,0,0.0,0.0,0.7436,397,0,176,221,0,0,0
/opt/pg/tpcc/data-80.csv,others,off,5,0.732,0,0.0,0.0,0.725,397,0,176,221,0,0,0
/opt/pg/tpcc/data-80.csv,others,off,5,0.802,0,0.0,0.0,0.795,397,0,176,221,0,0,0
/opt/pg/tpcc/data-80.csv,others,off,5,0.805,0,0.0,0.0,0.799,397,0,175,222,0,0,0
/opt/pg/tpcc/data-80.csv,others,off,5,0.79,0,0.0,0.0,0.7856000000000001,397,0,176,221,0,0,0
,,,,,,,,,,,,,,,
/opt/pg/tpcc/data-80.csv,others,off,10,0.495,0,0.0,0.0,0.4793,397,0,176,221,0,0,0
/opt/pg/tpcc/data-80.csv,others,off,10,0.524,0,0.0,0.0,0.5141,397,0,177,220,0,0,0
/opt/pg/tpcc/data-80.csv,others,off,10,0.467,0,0.0,0.0,0.4545,397,0,177,220,0,0,0
/opt/pg/tpcc/data-80.csv,others,off,10,0.467,0,0.0,0.0,0.45430000000000004,397,0,178,219,0,0,0
/opt/pg/tpcc/data-80.csv,others,off,10,0.487,0,0.0,0.0,0.4711,397,0,176,221,0,0,0
/opt/pg/tpcc/data-80.csv,others,off,10,0.465,0,0.0,0.0,0.4486,398,0,179,219,0,0,0
,,,,,,,,,,,,,,,
/opt/pg/tpcc/data-80.csv,others,off,15,0.438,0,0.0,0.0,0.42106666666666664,397,0,180,217,0,0,0
/opt/pg/tpcc/data-80.csv,others,off,15,0.43,0,0.0,0.0,0.40286666666666665,397,0,176,221,0,0,0
/opt/pg/tpcc/data-80.csv,others,off,15,0.414,0,0.0,0.0,0.39453333333333335,397,0,180,217,0,0,0
/opt/pg/tpcc/data-80.csv,others,off,15,0.393,0,0.0,0.0,0.3734666666666666,397,0,179,218,0,0,0
/opt/pg/tpcc/data-80.csv,others,off,15,0.434,0,0.0,0.0,0.4066666666666667,397,0,179,218,0,0,0
/opt/pg/tpcc/data-80.csv,others,off,15,0.394,0,0.0,0.0,0.37126666666666663,397,0,179,218,0,0,0
,,,,,,,,,,,,,,,
/opt/pg/tpcc/data-80.csv,others,off,20,0.434,0,0.0,0.0,0.39805,397,0,182,215,0,0,0
/opt/pg/tpcc/data-80.csv,others,off,20,0.47,0,0.0,0.0,0.43489999999999995,397,0,182,215,0,0,0
/opt/pg/tpcc/data-80.csv,others,off,20,0.431,0,0.0,0.0,0.40305,398,0,182,216,0,0,0
/opt/pg/tpcc/data-80.csv,others,off,20,0.421,0,0.0,0.0,0.394,397,0,182,215,0,0,0
/opt/pg/tpcc/data-80.csv,others,off,20,0.443,0,0.0,0.0,0.41935,397,0,180,217,0,0,0
/opt/pg/tpcc/data-80.csv,others,off,20,0.382,0,0.0,0.0,0.35425,397,0,182,215,0,0,0
,,,,,,,,,,,,,,,
/opt/pg/tpcc/data-80.csv,others,off,25,0.438,0,0.0,0.0,0.41116,397,0,181,216,0,0,0
/opt/pg/tpcc/data-80.csv,others,off,25,0.393,0,0.0,0.0,0.35896,397,0,180,217,0,0,0
/opt/pg/tpcc/data-80.csv,others,off,25,0.404,0,0.0,0.0,0.36244,398,0,184,214,0,0,0
/opt/pg/tpcc/data-80.csv,others,off,25,0.425,0,0.0,0.0,0.39039999999999997,397,0,180,217,0,0,0
/opt/pg/tpcc/data-80.csv,others,off,25,0.407,0,0.0,0.0,0.37892000000000003,398,0,183,215,0,0,0
/opt/pg/tpcc/data-80.csv,others,off,25,0.388,0,0.0,0.0,0.36016000000000004,398,0,180,218,0,0,0
,,,,,,,,,,,,,,,
/opt/pg/tpcc/data-80.csv,others,off,30,0.413,0,0.0,0.0,0.365,397,0,178,219,0,0,0
/opt/pg/tpcc/data-80.csv,others,off,30,0.404,0,0.0,0.0,0.3532,397,0,181,216,0,0,0
/opt/pg/tpcc/data-80.csv,others,off,30,0.424,0,0.0,0.0,0.3868333333333333,397,0,182,215,0,0,0
/opt/pg/tpcc/data-80.csv,others,off,30,0.435,0,0.0,0.0,0.37710000000000005,397,0,185,212,0,0,0
/opt/pg/tpcc/data-80.csv,others,off,30,0.41,0,0.0,0.0,0.37610000000000005,397,0,177,220,0,0,0
/opt/pg/tpcc/data-80.csv,others,off,30,0.446,0,0.0,0.0,0.3986,397,0,179,218,0,0,0
,,,,,,,,,,,,,,,
/opt/pg/tpcc/data-80.csv,others,off,35,0.42,0,0.0,0.0,0.3791714285714286,397,0,184,213,0,0,0
/opt/pg/tpcc/data-80.csv,others,off,35,0.503,0,0.0,0.0,0.4448857142857143,397,0,181,216,0,0,0
/opt/pg/tpcc/data-80.csv,others,off,35,0.418,0,0.0,0.0,0.3738285714285714,397,0,183,214,0,0,0
/opt/pg/tpcc/data-80.csv,others,off,35,0.499,0,0.0,0.0,0.4381714285714286,398,0,182,216,0,0,0
/opt/pg/tpcc/data-80.csv,others,off,35,0.463,0,0.0,0.0,0.4288571428571428,397,0,178,219,0,0,0
/opt/pg/tpcc/data-80.csv,others,off,35,0.459,0,0.0,0.0,0.4130857142857143,397,0,181,216,0,0,0
,,,,,,,,,,,,,,,
/opt/pg/tpcc/data-80.csv,others,off,40,0.469,0,0.0,0.0,0.39515,397,0,182,215,0,0,0
/opt/pg/tpcc/data-80.csv,others,off,40,0.505,0,0.0,0.0,0.453425,397,0,182,215,0,0,0
/opt/pg/tpcc/data-80.csv,others,off,40,0.481,0,0.0,0.0,0.4119,397,0,184,213,0,0,0
/opt/pg/tpcc/data-80.csv,others,off,40,0.488,0,0.0,0.0,0.420825,397,0,182,215,0,0,0
/opt/pg/tpcc/data-80.csv,others,off,40,0.514,0,0.0,0.0,0.456975,397,0,181,216,0,0,0
/opt/pg/tpcc/data-80.csv,others,off,40,0.542,0,0.0,0.0,0.4686,398,0,182,216,0,0,0
,,,,,,,,,,,,,,,
/opt/pg/tpcc/data-80.csv,others,on,5,1.642,0,0.0,0.7,1.6276,572,175,175,397,0,0,0
/opt/pg/tpcc/data-80.csv,others,on,5,1.617,0,0.0,0.704,1.6084,573,176,176,397,0,0,0
/opt/pg/tpcc/data-80.csv,others,on,5,1.6,0,0.0,0.7,1.5894000000000001,572,175,175,397,0,0,0
/opt/pg/tpcc/data-80.csv,others,on,5,1.6469999999999998,0,0.0,0.7,1.6376,572,175,175,397,0,0,0
/opt/pg/tpcc/data-80.csv,others,on,5,1.638,0,0.0,0.696,1.6274000000000002,571,174,174,397,0,0,0
/opt/pg/tpcc/data-80.csv,others,on,5,1.627,0,0.0,0.696,1.619,571,174,174,397,0,0,0
,,,,,,,,,,,,,,,
/opt/pg/tpcc/data-80.csv,others,on,10,0.984,0,0.0,0.376,0.9685,585,188,182,397,0,0,0
/opt/pg/tpcc/data-80.csv,others,on,10,1.029,0,0.0,0.376,1.0167,585,188,182,397,0,0,0
/opt/pg/tpcc/data-80.csv,others,on,10,1.0030000000000001,0,0.0,0.374,0.9857,584,187,181,397,0,0,0
/opt/pg/tpcc/data-80.csv,others,on,10,1.014,0,0.0,0.374,1.0002,584,187,181,397,0,0,0
/opt/pg/tpcc/data-80.csv,others,on,10,1.029,0,0.0,0.372,1.0134,583,186,178,397,0,0,0
/opt/pg/tpcc/data-80.csv,others,on,10,1.016,0,0.0,0.38,0.9986,587,190,180,397,0,0,0
,,,,,,,,,,,,,,,
/opt/pg/tpcc/data-80.csv,others,on,15,0.8396666666666666,0,0.0,0.25466666666666665,0.8077333333333333,588,191,180,397,0,0,0
/opt/pg/tpcc/data-80.csv,others,on,15,0.8123333333333334,0,0.0,0.2613333333333333,0.781,593,196,182,397,0,0,0
/opt/pg/tpcc/data-80.csv,others,on,15,0.8486666666666667,0,0.0,0.26266666666666666,0.8139333333333333,594,197,183,397,0,0,0
/opt/pg/tpcc/data-80.csv,others,on,15,0.7976666666666667,0,0.0,0.24266666666666667,0.7715333333333333,579,182,177,397,0,0,0
/opt/pg/tpcc/data-80.csv,others,on,15,0.7903333333333333,0,0.0,0.24933333333333335,0.771,584,187,180,397,0,0,0
/opt/pg/tpcc/data-80.csv,others,on,15,0.8143333333333334,0,0.0,0.25333333333333335,0.7828666666666667,587,190,176,397,0,0,0
,,,,,,,,,,,,,,,
/opt/pg/tpcc/data-80.csv,others,on,20,0.7270000000000001,0,0.0,0.197,0.6938500000000001,595,197,185,398,0,0,0
/opt/pg/tpcc/data-80.csv,others,on,20,0.76,0,0.0,0.195,0.73345,592,195,184,397,0,0,0
/opt/pg/tpcc/data-80.csv,others,on,20,0.7110000000000001,0,0.0,0.196,0.6934,593,196,180,397,0,0,0
/opt/pg/tpcc/data-80.csv,others,on,20,0.7390000000000001,0,0.0,0.196,0.70865,593,196,181,397,0,0,0
/opt/pg/tpcc/data-80.csv,others,on,20,0.726,0,0.0,0.195,0.6828500000000001,593,195,183,398,0,0,0
/opt/pg/tpcc/data-80.csv,others,on,20,0.768,0,0.0,0.203,0.7333,601,203,188,398,0,0,0
,,,,,,,,,,,,,,,
/opt/pg/tpcc/data-80.csv,others,on,25,0.7405999999999999,0,0.0,0.1576,0.7004,595,197,180,398,0,0,0
/opt/pg/tpcc/data-80.csv,others,on,25,0.6922,0,0.0,0.15919999999999998,0.65016,596,199,183,397,0,0,0
/opt/pg/tpcc/data-80.csv,others,on,25,0.6752,0,0.0,0.15919999999999998,0.6449600000000001,596,199,182,397,0,0,0
/opt/pg/tpcc/data-80.csv,others,on,25,0.739,0,0.0,0.16,0.7024400000000001,599,200,184,399,0,0,0
/opt/pg/tpcc/data-80.csv,others,on,25,0.7455999999999999,0,0.0,0.1536,0.70308,589,192,182,397,0,0,0
/opt/pg/tpcc/data-80.csv,others,on,25,0.7287999999999999,0,0.0,0.1648,0.6848,604,206,183,398,0,0,0
,,,,,,,,,,,,,,,
/opt/pg/tpcc/data-80.csv,others,on,30,0.6873333333333334,0,0.0,0.13533333333333333,0.6387,600,203,184,397,0,0,0
/opt/pg/tpcc/data-80.csv,others,on,30,0.6653333333333333,0,0.0,0.13333333333333333,0.6182000000000001,600,200,186,400,0,0,0
/opt/pg/tpcc/data-80.csv,others,on,30,0.7226666666666666,0,0.0,0.13666666666666666,0.6745666666666668,605,205,186,400,0,0,0
/opt/pg/tpcc/data-80.csv,others,on,30,0.6733333333333333,0,0.0,0.13333333333333333,0.6236666666666666,598,200,185,398,0,0,0
/opt/pg/tpcc/data-80.csv,others,on,30,0.6956666666666667,0,0.0,0.12866666666666665,0.6529333333333333,590,193,181,397,0,0,0
/opt/pg/tpcc/data-80.csv,others,on,30,0.6896666666666667,0,0.0,0.13266666666666665,0.6204333333333333,596,199,182,397,0,0,0
,,,,,,,,,,,,,,,
/opt/pg/tpcc/data-80.csv,others,on,35,0.7554285714285714,0,0.0,0.11142857142857143,0.6806285714285714,594,195,184,399,0,0,0
/opt/pg/tpcc/data-80.csv,others,on,35,0.7102857142857143,0,0.0,0.11028571428571429,0.6472,590,193,183,397,0,0,0
/opt/pg/tpcc/data-80.csv,others,on,35,0.684142857142857,0,0.0,0.11314285714285714,0.6123428571428572,595,198,183,397,0,0,0
/opt/pg/tpcc/data-80.csv,others,on,35,0.6902857142857143,0,0.0,0.11028571428571429,0.647457142857143,590,193,182,397,0,0,0
/opt/pg/tpcc/data-80.csv,others,on,35,0.6767142857142856,0,0.0,0.11371428571428571,0.6092285714285715,597,199,186,398,0,0,0
/opt/pg/tpcc/data-80.csv,others,on,35,0.7195714285714285,0,0.0,0.10857142857142857,0.6602857142857144,587,190,183,397,0,0,0
,,,,,,,,,,,,,,,
/opt/pg/tpcc/data-80.csv,others,on,40,0.7,0,0.0,0.098,0.6316499999999999,593,196,180,397,0,0,0
/opt/pg/tpcc/data-80.csv,others,on,40,0.6815,0,0.0,0.0955,0.6115750000000001,588,191,180,397,0,0,0
/opt/pg/tpcc/data-80.csv,others,on,40,0.6855,0,0.0,0.0985,0.62475,596,197,180,399,0,0,0
/opt/pg/tpcc/data-80.csv,others,on,40,0.7115,0,0.0,0.0975,0.6360750000000001,592,195,184,397,0,0,0
/opt/pg/tpcc/data-80.csv,others,on,40,0.6725,0,0.0,0.0955,0.607275,588,191,181,397,0,0,0
/opt/pg/tpcc/data-80.csv,others,on,40,0.7125,0,0.0,0.1035,0.6394,607,207,185,400,0,0,0
,,,,,,,,,,,,,,,
/opt/pg/tpcc/data-60.csv,others,off,5,0.613,0,0.0,0.0,0.6052000000000001,354,0,132,222,0,0,0
/opt/pg/tpcc/data-60.csv,others,off,5,0.617,0,0.0,0.0,0.6078,353,0,132,221,0,0,0
/opt/pg/tpcc/data-60.csv,others,off,5,0.607,0,0.0,0.0,0.6012000000000001,353,0,131,222,0,0,0
/opt/pg/tpcc/data-60.csv,others,off,5,0.618,0,0.0,0.0,0.6082000000000001,353,0,132,221,0,0,0
/opt/pg/tpcc/data-60.csv,others,off,5,0.603,0,0.0,0.0,0.5952000000000001,353,0,132,221,0,0,0
/opt/pg/tpcc/data-60.csv,others,off,5,0.599,0,0.0,0.0,0.5908,353,0,131,222,0,0,0
,,,,,,,,,,,,,,,
/opt/pg/tpcc/data-60.csv,others,off,10,0.414,0,0.0,0.0,0.398,354,0,135,219,0,0,0
/opt/pg/tpcc/data-60.csv,others,off,10,0.421,0,0.0,0.0,0.4063,353,0,134,219,0,0,0
/opt/pg/tpcc/data-60.csv,others,off,10,0.426,0,0.0,0.0,0.4062,353,0,132,221,0,0,0
/opt/pg/tpcc/data-60.csv,others,off,10,0.406,0,0.0,0.0,0.3946,354,0,135,219,0,0,0
/opt/pg/tpcc/data-60.csv,others,off,10,0.405,0,0.0,0.0,0.39189999999999997,353,0,133,220,0,0,0
/opt/pg/tpcc/data-60.csv,others,off,10,0.417,0,0.0,0.0,0.4028,353,0,133,220,0,0,0
,,,,,,,,,,,,,,,
/opt/pg/tpcc/data-60.csv,others,off,15,0.354,0,0.0,0.0,0.3360666666666667,353,0,137,216,0,0,0
/opt/pg/tpcc/data-60.csv,others,off,15,0.354,0,0.0,0.0,0.3373333333333333,353,0,138,215,0,0,0
/opt/pg/tpcc/data-60.csv,others,off,15,0.41,0,0.0,0.0,0.38706666666666667,355,0,139,216,0,0,0
/opt/pg/tpcc/data-60.csv,others,off,15,0.384,0,0.0,0.0,0.3663333333333333,354,0,139,215,0,0,0
/opt/pg/tpcc/data-60.csv,others,off,15,0.359,0,0.0,0.0,0.33846666666666664,354,0,138,216,0,0,0
/opt/pg/tpcc/data-60.csv,others,off,15,0.392,0,0.0,0.0,0.3722,354,0,139,215,0,0,0
,,,,,,,,,,,,,,,
/opt/pg/tpcc/data-60.csv,others,off,20,0.368,0,0.0,0.0,0.3423,354,0,136,218,0,0,0
/opt/pg/tpcc/data-60.csv,others,off,20,0.31,0,0.0,0.0,0.28535000000000005,353,0,139,214,0,0,0
/opt/pg/tpcc/data-60.csv,others,off,20,0.342,0,0.0,0.0,0.30895,355,0,140,215,0,0,0
/opt/pg/tpcc/data-60.csv,others,off,20,0.323,0,0.0,0.0,0.29555000000000003,354,0,138,216,0,0,0
/opt/pg/tpcc/data-60.csv,others,off,20,0.349,0,0.0,0.0,0.3266,353,0,141,212,0,0,0
/opt/pg/tpcc/data-60.csv,others,off,20,0.342,0,0.0,0.0,0.3123,353,0,138,215,0,0,0
,,,,,,,,,,,,,,,
/opt/pg/tpcc/data-60.csv,others,off,25,0.351,0,0.0,0.0,0.31816,354,0,142,212,0,0,0
/opt/pg/tpcc/data-60.csv,others,off,25,0.369,0,0.0,0.0,0.32972,353,0,141,212,0,0,0
/opt/pg/tpcc/data-60.csv,others,off,25,0.389,0,0.0,0.0,0.34256,353,0,140,213,0,0,0
/opt/pg/tpcc/data-60.csv,others,off,25,0.318,0,0.0,0.0,0.27908,353,0,143,210,0,0,0
/opt/pg/tpcc/data-60.csv,others,off,25,0.366,0,0.0,0.0,0.32664,353,0,138,215,0,0,0
/opt/pg/tpcc/data-60.csv,others,off,25,0.405,0,0.0,0.0,0.3568,356,0,144,212,0,0,0
,,,,,,,,,,,,,,,
/opt/pg/tpcc/data-60.csv,others,off,30,0.351,0,0.0,0.0,0.3076666666666667,353,0,140,213,0,0,0
/opt/pg/tpcc/data-60.csv,others,off,30,0.4,0,0.0,0.0,0.34036666666666665,353,0,139,214,0,0,0
/opt/pg/tpcc/data-60.csv,others,off,30,0.351,0,0.0,0.0,0.29546666666666666,354,0,144,210,0,0,0
/opt/pg/tpcc/data-60.csv,others,off,30,0.392,0,0.0,0.0,0.3457,353,0,141,212,0,0,0
/opt/pg/tpcc/data-60.csv,others,off,30,0.333,0,0.0,0.0,0.29703333333333337,353,0,142,211,0,0,0
/opt/pg/tpcc/data-60.csv,others,off,30,0.386,0,0.0,0.0,0.34746666666666665,353,0,140,213,0,0,0
,,,,,,,,,,,,,,,
/opt/pg/tpcc/data-60.csv,others,off,35,0.384,0,0.0,0.0,0.3553142857142857,353,0,140,213,0,0,0
/opt/pg/tpcc/data-60.csv,others,off,35,0.441,0,0.0,0.0,0.37760000000000005,353,0,140,213,0,0,0
/opt/pg/tpcc/data-60.csv,others,off,35,0.415,0,0.0,0.0,0.3539714285714286,353,0,143,210,0,0,0
/opt/pg/tpcc/data-60.csv,others,off,35,0.377,0,0.0,0.0,0.3375142857142857,354,0,143,211,0,0,0
/opt/pg/tpcc/data-60.csv,others,off,35,0.436,0,0.0,0.0,0.37414285714285717,354,0,139,215,0,0,0
/opt/pg/tpcc/data-60.csv,others,off,35,0.396,0,0.0,0.0,0.3546857142857143,353,0,139,214,0,0,0
,,,,,,,,,,,,,,,
/opt/pg/tpcc/data-60.csv,others,off,40,0.447,0,0.0,0.0,0.40414999999999995,353,0,141,212,0,0,0
/opt/pg/tpcc/data-60.csv,others,off,40,0.412,0,0.0,0.0,0.363875,353,0,139,214,0,0,0
/opt/pg/tpcc/data-60.csv,others,off,40,0.399,0,0.0,0.0,0.34647500000000003,353,0,139,214,0,0,0
/opt/pg/tpcc/data-60.csv,others,off,40,0.399,0,0.0,0.0,0.323775,353,0,139,214,0,0,0
/opt/pg/tpcc/data-60.csv,others,off,40,0.452,0,0.0,0.0,0.374425,353,0,140,213,0,0,0
/opt/pg/tpcc/data-60.csv,others,off,40,0.419,0,0.0,0.0,0.359325,353,0,142,211,0,0,0
,,,,,,,,,,,,,,,
/opt/pg/tpcc/data-60.csv,others,on,5,1.326,0,0.0,0.528,1.3115999999999999,485,132,132,353,0,0,0
/opt/pg/tpcc/data-60.csv,others,on,5,1.327,0,0.0,0.528,1.3162,485,132,131,353,0,0,0
/opt/pg/tpcc/data-60.csv,others,on,5,1.304,0,0.0,0.532,1.2935999999999999,486,133,132,353,0,0,0
/opt/pg/tpcc/data-60.csv,others,on,5,1.339,0,0.0,0.524,1.3277999999999999,484,131,130,353,0,0,0
/opt/pg/tpcc/data-60.csv,others,on,5,1.332,0,0.0,0.536,1.3194000000000001,487,134,132,353,0,0,0
/opt/pg/tpcc/data-60.csv,others,on,5,1.338,0,0.0,0.536,1.3262,487,134,132,353,0,0,0
,,,,,,,,,,,,,,,
/opt/pg/tpcc/data-60.csv,others,on,10,0.8340000000000001,0,0.0,0.288,0.8178,497,144,136,353,0,0,0
/opt/pg/tpcc/data-60.csv,others,on,10,0.819,0,0.0,0.288,0.8024,497,144,136,353,0,0,0
/opt/pg/tpcc/data-60.csv,others,on,10,0.867,0,0.0,0.288,0.8478,498,144,136,354,0,0,0
/opt/pg/tpcc/data-60.csv,others,on,10,0.851,0,0.0,0.296,0.8377,503,148,138,355,0,0,0
/opt/pg/tpcc/data-60.csv,others,on,10,0.8539999999999999,0,0.0,0.29,0.8387,498,145,135,353,0,0,0
/opt/pg/tpcc/data-60.csv,others,on,10,0.827,0,0.0,0.29,0.8115,498,145,138,353,0,0,0
,,,,,,,,,,,,,,,
/opt/pg/tpcc/data-60.csv,others,on,15,0.6936666666666667,0,0.0,0.20266666666666666,0.6734666666666667,505,152,138,353,0,0,0
/opt/pg/tpcc/data-60.csv,others,on,15,0.667,0,0.0,0.196,0.6414666666666667,500,147,134,353,0,0,0
/opt/pg/tpcc/data-60.csv,others,on,15,0.683,0,0.0,0.2,0.6594666666666666,503,150,139,353,0,0,0
/opt/pg/tpcc/data-60.csv,others,on,15,0.7403333333333334,0,0.0,0.20133333333333334,0.7013333333333334,505,151,138,354,0,0,0
/opt/pg/tpcc/data-60.csv,others,on,15,0.6946666666666667,0,0.0,0.20266666666666666,0.6506000000000001,505,152,138,353,0,0,0
/opt/pg/tpcc/data-60.csv,others,on,15,0.6706666666666667,0,0.0,0.20666666666666667,0.6450666666666667,508,155,138,353,0,0,0
,,,,,,,,,,,,,,,
/opt/pg/tpcc/data-60.csv,others,on,20,0.607,0,0.0,0.151,0.5641499999999999,505,151,137,354,0,0,0
/opt/pg/tpcc/data-60.csv,others,on,20,0.686,0,0.0,0.16,0.6457,514,160,141,354,0,0,0
/opt/pg/tpcc/data-60.csv,others,on,20,0.667,0,0.0,0.15,0.63175,504,150,141,354,0,0,0
/opt/pg/tpcc/data-60.csv,others,on,20,0.637,0,0.0,0.154,0.59465,507,154,140,353,0,0,0
/opt/pg/tpcc/data-60.csv,others,on,20,0.649,0,0.0,0.159,0.6001000000000001,513,159,143,354,0,0,0
/opt/pg/tpcc/data-60.csv,others,on,20,0.615,0,0.0,0.153,0.5935499999999999,506,153,139,353,0,0,0
,,,,,,,,,,,,,,,
/opt/pg/tpcc/data-60.csv,others,on,25,0.5596,0,0.0,0.1336,0.52884,520,167,148,353,0,0,0
/opt/pg/tpcc/data-60.csv,others,on,25,0.6144000000000001,0,0.0,0.12240000000000001,0.57584,506,153,137,353,0,0,0
/opt/pg/tpcc/data-60.csv,others,on,25,0.5854,0,0.0,0.12240000000000001,0.5502400000000001,506,153,139,353,0,0,0
/opt/pg/tpcc/data-60.csv,others,on,25,0.6038,0,0.0,0.12079999999999999,0.55764,504,151,140,353,0,0,0
/opt/pg/tpcc/data-60.csv,others,on,25,0.6086,0,0.0,0.1296,0.56924,516,162,143,354,0,0,0
/opt/pg/tpcc/data-60.csv,others,on,25,0.608,0,0.0,0.124,0.56548,509,155,138,354,0,0,0
,,,,,,,,,,,,,,,
/opt/pg/tpcc/data-60.csv,others,on,30,0.595,0,0.0,0.104,0.5380333333333333,509,156,141,353,0,0,0
/opt/pg/tpcc/data-60.csv,others,on,30,0.6036666666666667,0,0.0,0.10266666666666667,0.5352333333333333,507,154,141,353,0,0,0
/opt/pg/tpcc/data-60.csv,others,on,30,0.5353333333333333,0,0.0,0.09733333333333333,0.4815,499,146,134,353,0,0,0
/opt/pg/tpcc/data-60.csv,others,on,30,0.5993333333333333,0,0.0,0.10333333333333333,0.5225,508,155,140,353,0,0,0
/opt/pg/tpcc/data-60.csv,others,on,30,0.5676666666666667,0,0.0,0.10266666666666667,0.5111,508,154,140,354,0,0,0
/opt/pg/tpcc/data-60.csv,others,on,30,0.5966666666666667,0,0.0,0.10666666666666667,0.5456666666666666,514,160,147,354,0,0,0
,,,,,,,,,,,,,,,
/opt/pg/tpcc/data-60.csv,others,on,35,0.6135714285714285,0,0.0,0.08857142857142856,0.5472571428571429,508,155,140,353,0,0,0
/opt/pg/tpcc/data-60.csv,others,on,35,0.6314285714285715,0,0.0,0.08742857142857142,0.5735714285714285,507,153,144,354,0,0,0
/opt/pg/tpcc/data-60.csv,others,on,35,0.5922857142857143,0,0.0,0.09028571428571429,0.5283428571428571,511,158,144,353,0,0,0
/opt/pg/tpcc/data-60.csv,others,on,35,0.615,0,0.0,0.084,0.5411428571428571,500,147,142,353,0,0,0
/opt/pg/tpcc/data-60.csv,others,on,35,0.5607142857142857,0,0.0,0.08571428571428572,0.49414285714285716,503,150,143,353,0,0,0
/opt/pg/tpcc/data-60.csv,others,on,35,0.5594285714285715,0,0.0,0.09142857142857143,0.4830857142857143,513,160,147,353,0,0,0
,,,,,,,,,,,,,,,
/opt/pg/tpcc/data-60.csv,others,on,40,0.596,0,0.0,0.077,0.5191749999999999,508,154,142,354,0,0,0
/opt/pg/tpcc/data-60.csv,others,on,40,0.5549999999999999,0,0.0,0.076,0.48660000000000003,505,152,142,353,0,0,0
/opt/pg/tpcc/data-60.csv,others,on,40,0.576,0,0.0,0.077,0.52115,508,154,143,354,0,0,0
/opt/pg/tpcc/data-60.csv,others,on,40,0.601,0,0.0,0.075,0.52795,503,150,138,353,0,0,0
/opt/pg/tpcc/data-60.csv,others,on,40,0.609,0,0.0,0.079,0.53475,511,158,144,353,0,0,0
/opt/pg/tpcc/data-60.csv,others,on,40,0.6025,0,0.0,0.0785,0.535125,510,157,143,353,0,0,0
,,,,,,,,,,,,,,,
/opt/pg/tpcc/data-40.csv,others,off,5,0.531,0,0.0,0.0,0.5234,309,0,87,222,0,0,0
/opt/pg/tpcc/data-40.csv,others,off,5,0.529,0,0.0,0.0,0.5236000000000001,309,0,87,222,0,0,0
/opt/pg/tpcc/data-40.csv,others,off,5,0.558,0,0.0,0.0,0.5534,309,0,87,222,0,0,0
/opt/pg/tpcc/data-40.csv,others,off,5,0.522,0,0.0,0.0,0.5167999999999999,309,0,86,223,0,0,0
/opt/pg/tpcc/data-40.csv,others,off,5,0.522,0,0.0,0.0,0.515,309,0,87,222,0,0,0
/opt/pg/tpcc/data-40.csv,others,off,5,0.524,0,0.0,0.0,0.5162,309,0,88,221,0,0,0
,,,,,,,,,,,,,,,
/opt/pg/tpcc/data-40.csv,others,off,10,0.366,0,0.0,0.0,0.3517,309,0,94,215,0,0,0
/opt/pg/tpcc/data-40.csv,others,off,10,0.367,0,0.0,0.0,0.3472,309,0,91,218,0,0,0
/opt/pg/tpcc/data-40.csv,others,off,10,0.367,0,0.0,0.0,0.3521,309,0,92,217,0,0,0
/opt/pg/tpcc/data-40.csv,others,off,10,0.371,0,0.0,0.0,0.36169999999999997,309,0,95,214,0,0,0
/opt/pg/tpcc/data-40.csv,others,off,10,0.356,0,0.0,0.0,0.3452,309,0,92,217,0,0,0
/opt/pg/tpcc/data-40.csv,others,off,10,0.371,0,0.0,0.0,0.3583,310,0,92,218,0,0,0
,,,,,,,,,,,,,,,
/opt/pg/tpcc/data-40.csv,others,off,15,0.327,0,0.0,0.0,0.31406666666666666,309,0,95,214,0,0,0
/opt/pg/tpcc/data-40.csv,others,off,15,0.304,0,0.0,0.0,0.2806,309,0,97,212,0,0,0
/opt/pg/tpcc/data-40.csv,others,off,15,0.316,0,0.0,0.0,0.29146666666666665,310,0,97,213,0,0,0
/opt/pg/tpcc/data-40.csv,others,off,15,0.303,0,0.0,0.0,0.2843333333333333,309,0,93,216,0,0,0
/opt/pg/tpcc/data-40.csv,others,off,15,0.313,0,0.0,0.0,0.2996666666666667,309,0,93,216,0,0,0
/opt/pg/tpcc/data-40.csv,others,off,15,0.303,0,0.0,0.0,0.28933333333333333,309,0,96,213,0,0,0
,,,,,,,,,,,,,,,
/opt/pg/tpcc/data-40.csv,others,off,20,0.318,0,0.0,0.0,0.28714999999999996,310,0,97,213,0,0,0
/opt/pg/tpcc/data-40.csv,others,off,20,0.308,0,0.0,0.0,0.28725,309,0,97,212,0,0,0
/opt/pg/tpcc/data-40.csv,others,off,20,0.299,0,0.0,0.0,0.2802,309,0,94,215,0,0,0
/opt/pg/tpcc/data-40.csv,others,off,20,0.29,0,0.0,0.0,0.26485000000000003,309,0,98,211,0,0,0
/opt/pg/tpcc/data-40.csv,others,off,20,0.293,0,0.0,0.0,0.26844999999999997,309,0,96,213,0,0,0
/opt/pg/tpcc/data-40.csv,others,off,20,0.308,0,0.0,0.0,0.2821,310,0,96,214,0,0,0
,,,,,,,,,,,,,,,
/opt/pg/tpcc/data-40.csv,others,off,25,0.297,0,0.0,0.0,0.27104,310,0,99,211,0,0,0
/opt/pg/tpcc/data-40.csv,others,off,25,0.288,0,0.0,0.0,0.25356,309,0,101,208,0,0,0
/opt/pg/tpcc/data-40.csv,others,off,25,0.292,0,0.0,0.0,0.26164,309,0,98,211,0,0,0
/opt/pg/tpcc/data-40.csv,others,off,25,0.285,0,0.0,0.0,0.24708000000000002,309,0,100,209,0,0,0
/opt/pg/tpcc/data-40.csv,others,off,25,0.312,0,0.0,0.0,0.2812,309,0,100,209,0,0,0
/opt/pg/tpcc/data-40.csv,others,off,25,0.328,0,0.0,0.0,0.30052,309,0,98,211,0,0,0
,,,,,,,,,,,,,,,
/opt/pg/tpcc/data-40.csv,others,off,30,0.352,0,0.0,0.0,0.3183333333333333,309,0,100,209,0,0,0
/opt/pg/tpcc/data-40.csv,others,off,30,0.31,0,0.0,0.0,0.28326666666666667,309,0,95,214,0,0,0
/opt/pg/tpcc/data-40.csv,others,off,30,0.3,0,0.0,0.0,0.2668666666666667,309,0,101,208,0,0,0
/opt/pg/tpcc/data-40.csv,others,off,30,0.328,0,0.0,0.0,0.29073333333333334,309,0,101,208,0,0,0
/opt/pg/tpcc/data-40.csv,others,off,30,0.309,0,0.0,0.0,0.26030000000000003,309,0,98,211,0,0,0
/opt/pg/tpcc/data-40.csv,others,off,30,0.28,0,0.0,0.0,0.25693333333333335,309,0,100,209,0,0,0
,,,,,,,,,,,,,,,
/opt/pg/tpcc/data-40.csv,others,off,35,0.34,0,0.0,0.0,0.29837142857142857,309,0,99,210,0,0,0
/opt/pg/tpcc/data-40.csv,others,off,35,0.374,0,0.0,0.0,0.3302,309,0,102,207,0,0,0
/opt/pg/tpcc/data-40.csv,others,off,35,0.347,0,0.0,0.0,0.2999714285714286,309,0,103,206,0,0,0
/opt/pg/tpcc/data-40.csv,others,off,35,0.354,0,0.0,0.0,0.28845714285714286,309,0,102,207,0,0,0
/opt/pg/tpcc/data-40.csv,others,off,35,0.33,0,0.0,0.0,0.2882571428571429,309,0,99,210,0,0,0
/opt/pg/tpcc/data-40.csv,others,off,35,0.337,0,0.0,0.0,0.2896857142857143,309,0,99,210,0,0,0
,,,,,,,,,,,,,,,
/opt/pg/tpcc/data-40.csv,others,off,40,0.386,0,0.0,0.0,0.330325,309,0,100,209,0,0,0
/opt/pg/tpcc/data-40.csv,others,off,40,0.389,0,0.0,0.0,0.32189999999999996,309,0,100,209,0,0,0
/opt/pg/tpcc/data-40.csv,others,off,40,0.403,0,0.0,0.0,0.340475,309,0,98,211,0,0,0
/opt/pg/tpcc/data-40.csv,others,off,40,0.37,0,0.0,0.0,0.310475,309,0,101,208,0,0,0
/opt/pg/tpcc/data-40.csv,others,off,40,0.364,0,0.0,0.0,0.318475,309,0,102,207,0,0,0
/opt/pg/tpcc/data-40.csv,others,off,40,0.374,0,0.0,0.0,0.317025,310,0,104,206,0,0,0
,,,,,,,,,,,,,,,
/opt/pg/tpcc/data-40.csv,others,on,5,1.0310000000000001,0,0.0,0.352,1.017,397,88,88,309,0,0,0
/opt/pg/tpcc/data-40.csv,others,on,5,1.0110000000000001,0,0.0,0.348,0.9956,396,87,87,309,0,0,0
/opt/pg/tpcc/data-40.csv,others,on,5,1.02,0,0.0,0.352,1.0078,397,88,88,309,0,0,0
/opt/pg/tpcc/data-40.csv,others,on,5,1.016,0,0.0,0.352,1.0062,398,88,87,310,0,0,0
/opt/pg/tpcc/data-40.csv,others,on,5,0.997,0,0.0,0.348,0.9843999999999999,396,87,87,309,0,0,0
/opt/pg/tpcc/data-40.csv,others,on,5,1.025,0,0.0,0.348,1.012,396,87,87,309,0,0,0
,,,,,,,,,,,,,,,
/opt/pg/tpcc/data-40.csv,others,on,10,0.6659999999999999,0,0.0,0.186,0.6457,402,93,90,309,0,0,0
/opt/pg/tpcc/data-40.csv,others,on,10,0.648,0,0.0,0.19,0.6236,404,95,91,309,0,0,0
/opt/pg/tpcc/data-40.csv,others,on,10,0.6990000000000001,0,0.0,0.202,0.6832999999999999,413,101,94,312,0,0,0
/opt/pg/tpcc/data-40.csv,others,on,10,0.629,0,0.0,0.19,0.6149,404,95,92,309,0,0,0
/opt/pg/tpcc/data-40.csv,others,on,10,0.647,0,0.0,0.192,0.6267,406,96,92,310,0,0,0
/opt/pg/tpcc/data-40.csv,others,on,10,0.671,0,0.0,0.194,0.6517999999999999,407,97,92,310,0,0,0
,,,,,,,,,,,,,,,
/opt/pg/tpcc/data-40.csv,others,on,15,0.5543333333333333,0,0.0,0.14533333333333334,0.524,418,109,98,309,0,0,0
/opt/pg/tpcc/data-40.csv,others,on,15,0.5373333333333333,0,0.0,0.14533333333333334,0.5132666666666666,420,109,103,311,0,0,0
/opt/pg/tpcc/data-40.csv,others,on,15,0.5386666666666666,0,0.0,0.13466666666666666,0.49573333333333336,410,101,95,309,0,0,0
/opt/pg/tpcc/data-40.csv,others,on,15,0.5626666666666666,0,0.0,0.13466666666666666,0.5316000000000001,410,101,94,309,0,0,0
/opt/pg/tpcc/data-40.csv,others,on,15,0.579,0,0.0,0.14,0.548,414,105,97,309,0,0,0
/opt/pg/tpcc/data-40.csv,others,on,15,0.5486666666666666,0,0.0,0.13466666666666666,0.5152666666666667,411,101,95,310,0,0,0
,,,,,,,,,,,,,,,
/opt/pg/tpcc/data-40.csv,others,on,20,0.522,0,0.0,0.103,0.4854,413,103,98,310,0,0,0
/opt/pg/tpcc/data-40.csv,others,on,20,0.48,0,0.0,0.108,0.4517,417,108,98,309,0,0,0
/opt/pg/tpcc/data-40.csv,others,on,20,0.449,0,0.0,0.107,0.42655,417,107,98,310,0,0,0
/opt/pg/tpcc/data-40.csv,others,on,20,0.5,0,0.0,0.111,0.46645,420,111,100,309,0,0,0
/opt/pg/tpcc/data-40.csv,others,on,20,0.46599999999999997,0,0.0,0.109,0.43645,418,109,96,309,0,0,0
/opt/pg/tpcc/data-40.csv,others,on,20,0.479,0,0.0,0.108,0.44160000000000005,418,108,99,310,0,0,0
,,,,,,,,,,,,,,,
/opt/pg/tpcc/data-40.csv,others,on,25,0.4676,0,0.0,0.0856,0.43284,416,107,100,309,0,0,0
/opt/pg/tpcc/data-40.csv,others,on,25,0.485,0,0.0,0.092,0.43712,424,115,100,309,0,0,0
/opt/pg/tpcc/data-40.csv,others,on,25,0.49879999999999997,0,0.0,0.0888,0.44227999999999995,420,111,96,309,0,0,0
/opt/pg/tpcc/data-40.csv,others,on,25,0.46599999999999997,0,0.0,0.088,0.41724,419,110,96,309,0,0,0
/opt/pg/tpcc/data-40.csv,others,on,25,0.46799999999999997,0,0.0,0.088,0.42628,419,110,98,309,0,0,0
/opt/pg/tpcc/data-40.csv,others,on,25,0.5112,0,0.0,0.0912,0.46064,426,114,102,312,0,0,0
,,,,,,,,,,,,,,,
/opt/pg/tpcc/data-40.csv,others,on,30,0.51,0,0.0,0.082,0.44676666666666665,434,123,108,311,0,0,0
/opt/pg/tpcc/data-40.csv,others,on,30,0.459,0,0.0,0.078,0.408,426,117,102,309,0,0,0
/opt/pg/tpcc/data-40.csv,others,on,30,0.439,0,0.0,0.072,0.37776666666666664,420,108,104,312,0,0,0
/opt/pg/tpcc/data-40.csv,others,on,30,0.4716666666666667,0,0.0,0.07066666666666667,0.41453333333333336,415,106,99,309,0,0,0
/opt/pg/tpcc/data-40.csv,others,on,30,0.45166666666666666,0,0.0,0.07266666666666667,0.38876666666666665,419,109,102,310,0,0,0
/opt/pg/tpcc/data-40.csv,others,on,30,0.45166666666666666,0,0.0,0.07666666666666667,0.3907333333333333,426,115,100,311,0,0,0
,,,,,,,,,,,,,,,
/opt/pg/tpcc/data-40.csv,others,on,35,0.4937142857142857,0,0.0,0.06571428571428571,0.42445714285714287,425,115,106,310,0,0,0
/opt/pg/tpcc/data-40.csv,others,on,35,0.471,0,0.0,0.064,0.41391428571428573,421,112,103,309,0,0,0
/opt/pg/tpcc/data-40.csv,others,on,35,0.5035714285714286,0,0.0,0.06857142857142857,0.43034285714285714,430,120,106,310,0,0,0
/opt/pg/tpcc/data-40.csv,others,on,35,0.5105714285714286,0,0.0,0.06857142857142857,0.43060000000000004,429,120,106,309,0,0,0
/opt/pg/tpcc/data-40.csv,others,on,35,0.4847142857142857,0,0.0,0.061714285714285715,0.4211714285714286,417,108,97,309,0,0,0
/opt/pg/tpcc/data-40.csv,others,on,35,0.483,0,0.0,0.068,0.4222571428571429,430,119,104,311,0,0,0
,,,,,,,,,,,,,,,
/opt/pg/tpcc/data-40.csv,others,on,40,0.484,0,0.0,0.059,0.411225,427,118,104,309,0,0,0
/opt/pg/tpcc/data-40.csv,others,on,40,0.475,0,0.0,0.055,0.40807499999999997,419,110,104,309,0,0,0
/opt/pg/tpcc/data-40.csv,others,on,40,0.4825,0,0.0,0.0575,0.42195,424,115,103,309,0,0,0
/opt/pg/tpcc/data-40.csv,others,on,40,0.519,0,0.0,0.061,0.4418,433,122,105,311,0,0,0
/opt/pg/tpcc/data-40.csv,others,on,40,0.4605,0,0.0,0.0585,0.394375,426,117,104,309,0,0,0
/opt/pg/tpcc/data-40.csv,others,on,40,0.5065000000000001,0,0.0,0.0575,0.42745,424,115,103,309,0,0,0
,,,,,,,,,,,,,,,
/opt/pg/tpcc/data-20.csv,others,off,5,0.458,0,0.0,0.0,0.448,265,0,44,221,0,0,0
/opt/pg/tpcc/data-20.csv,others,off,5,0.446,0,0.0,0.0,0.4388,265,0,44,221,0,0,0
/opt/pg/tpcc/data-20.csv,others,off,5,0.452,0,0.0,0.0,0.4452,265,0,43,222,0,0,0
/opt/pg/tpcc/data-20.csv,others,off,5,0.46,0,0.0,0.0,0.4482,265,0,44,221,0,0,0
/opt/pg/tpcc/data-20.csv,others,off,5,0.444,0,0.0,0.0,0.438,265,0,43,222,0,0,0
/opt/pg/tpcc/data-20.csv,others,off,5,0.459,0,0.0,0.0,0.45080000000000003,265,0,44,221,0,0,0
,,,,,,,,,,,,,,,
/opt/pg/tpcc/data-20.csv,others,off,10,0.313,0,0.0,0.0,0.30360000000000004,265,0,51,214,0,0,0
/opt/pg/tpcc/data-20.csv,others,off,10,0.323,0,0.0,0.0,0.31460000000000005,266,0,49,217,0,0,0
/opt/pg/tpcc/data-20.csv,others,off,10,0.305,0,0.0,0.0,0.29610000000000003,265,0,49,216,0,0,0
/opt/pg/tpcc/data-20.csv,others,off,10,0.321,0,0.0,0.0,0.3135,265,0,50,215,0,0,0
/opt/pg/tpcc/data-20.csv,others,off,10,0.292,0,0.0,0.0,0.2848,265,0,51,214,0,0,0
/opt/pg/tpcc/data-20.csv,others,off,10,0.317,0,0.0,0.0,0.3009,268,0,54,214,0,0,0
,,,,,,,,,,,,,,,
/opt/pg/tpcc/data-20.csv,others,off,15,0.261,0,0.0,0.0,0.2382,265,0,54,211,0,0,0
/opt/pg/tpcc/data-20.csv,others,off,15,0.296,0,0.0,0.0,0.2756,265,0,53,212,0,0,0
/opt/pg/tpcc/data-20.csv,others,off,15,0.28,0,0.0,0.0,0.24933333333333335,266,0,54,212,0,0,0
/opt/pg/tpcc/data-20.csv,others,off,15,0.255,0,0.0,0.0,0.23526666666666668,266,0,55,211,0,0,0
/opt/pg/tpcc/data-20.csv,others,off,15,0.259,0,0.0,0.0,0.23733333333333334,265,0,54,211,0,0,0
/opt/pg/tpcc/data-20.csv,others,off,15,0.265,0,0.0,0.0,0.24713333333333332,266,0,55,211,0,0,0
,,,,,,,,,,,,,,,
/opt/pg/tpcc/data-20.csv,others,off,20,0.291,0,0.0,0.0,0.27315,265,0,53,212,0,0,0
/opt/pg/tpcc/data-20.csv,others,off,20,0.263,0,0.0,0.0,0.24165,265,0,55,210,0,0,0
/opt/pg/tpcc/data-20.csv,others,off,20,0.252,0,0.0,0.0,0.22444999999999998,265,0,57,208,0,0,0
/opt/pg/tpcc/data-20.csv,others,off,20,0.243,0,0.0,0.0,0.22555,265,0,54,211,0,0,0
/opt/pg/tpcc/data-20.csv,others,off,20,0.251,0,0.0,0.0,0.22594999999999998,265,0,59,206,0,0,0
/opt/pg/tpcc/data-20.csv,others,off,20,0.257,0,0.0,0.0,0.22725,265,0,57,208,0,0,0
,,,,,,,,,,,,,,,
/opt/pg/tpcc/data-20.csv,others,off,25,0.249,0,0.0,0.0,0.23556,265,0,55,210,0,0,0
/opt/pg/tpcc/data-20.csv,others,off,25,0.251,0,0.0,0.0,0.20832,266,0,65,201,0,0,0
/opt/pg/tpcc/data-20.csv,others,off,25,0.277,0,0.0,0.0,0.24991999999999998,265,0,63,202,0,0,0
/opt/pg/tpcc/data-20.csv,others,off,25,0.264,0,0.0,0.0,0.2386,267,0,65,202,0,0,0
/opt/pg/tpcc/data-20.csv,others,off,25,0.285,0,0.0,0.0,0.25468,265,0,63,202,0,0,0
/opt/pg/tpcc/data-20.csv,others,off,25,0.257,0,0.0,0.0,0.22916,265,0,63,202,0,0,0
,,,,,,,,,,,,,,,
/opt/pg/tpcc/data-20.csv,others,off,30,0.25,0,0.0,0.0,0.22353333333333333,265,0,65,200,0,0,0
/opt/pg/tpcc/data-20.csv,others,off,30,0.281,0,0.0,0.0,0.2492333333333333,265,0,59,206,0,0,0
/opt/pg/tpcc/data-20.csv,others,off,30,0.285,0,0.0,0.0,0.23953333333333332,265,0,64,201,0,0,0
/opt/pg/tpcc/data-20.csv,others,off,30,0.284,0,0.0,0.0,0.2502333333333333,265,0,62,203,0,0,0
/opt/pg/tpcc/data-20.csv,others,off,30,0.289,0,0.0,0.0,0.25433333333333336,265,0,63,202,0,0,0
/opt/pg/tpcc/data-20.csv,others,off,30,0.303,0,0.0,0.0,0.2631,265,0,63,202,0,0,0
,,,,,,,,,,,,,,,
/opt/pg/tpcc/data-20.csv,others,off,35,0.32,0,0.0,0.0,0.2761142857142857,265,0,65,200,0,0,0
/opt/pg/tpcc/data-20.csv,others,off,35,0.341,0,0.0,0.0,0.2938,265,0,63,202,0,0,0
/opt/pg/tpcc/data-20.csv,others,off,35,0.326,0,0.0,0.0,0.2692857142857143,265,0,64,201,0,0,0
/opt/pg/tpcc/data-20.csv,others,off,35,0.326,0,0.0,0.0,0.2738285714285714,265,0,63,202,0,0,0
/opt/pg/tpcc/data-20.csv,others,off,35,0.324,0,0.0,0.0,0.2753142857142857,265,0,63,202,0,0,0
/opt/pg/tpcc/data-20.csv,others,off,35,0.297,0,0.0,0.0,0.23702857142857145,265,0,65,200,0,0,0
,,,,,,,,,,,,,,,
/opt/pg/tpcc/data-20.csv,others,off,40,0.35,0,0.0,0.0,0.2867,266,0,68,198,0,0,0
/opt/pg/tpcc/data-20.csv,others,off,40,0.301,0,0.0,0.0,0.253475,265,0,65,200,0,0,0
/opt/pg/tpcc/data-20.csv,others,off,40,0.324,0,0.0,0.0,0.269875,266,0,67,199,0,0,0
/opt/pg/tpcc/data-20.csv,others,off,40,0.295,0,0.0,0.0,0.237725,265,0,70,195,0,0,0
/opt/pg/tpcc/data-20.csv,others,off,40,0.323,0,0.0,0.0,0.26485000000000003,265,0,66,199,0,0,0
/opt/pg/tpcc/data-20.csv,others,off,40,0.334,0,0.0,0.0,0.280225,265,0,64,201,0,0,0
,,,,,,,,,,,,,,,
/opt/pg/tpcc/data-20.csv,others,on,5,0.696,0,0.0,0.188,0.6912,312,47,46,265,0,0,0
/opt/pg/tpcc/data-20.csv,others,on,5,0.7090000000000001,0,0.0,0.188,0.703,312,47,46,265,0,0,0
/opt/pg/tpcc/data-20.csv,others,on,5,0.696,0,0.0,0.188,0.6892,313,47,46,266,0,0,0
/opt/pg/tpcc/data-20.csv,others,on,5,0.7070000000000001,0,0.0,0.188,0.6982,312,47,46,265,0,0,0
/opt/pg/tpcc/data-20.csv,others,on,5,0.7090000000000001,0,0.0,0.188,0.6982,312,47,46,265,0,0,0
/opt/pg/tpcc/data-20.csv,others,on,5,0.7110000000000001,0,0.0,0.188,0.7002,312,47,46,265,0,0,0
,,,,,,,,,,,,,,,
/opt/pg/tpcc/data-20.csv,others,on,10,0.46599999999999997,0,0.0,0.104,0.4472,317,52,48,265,0,0,0
/opt/pg/tpcc/data-20.csv,others,on,10,0.45599999999999996,0,0.0,0.102,0.4393,316,51,48,265,0,0,0
/opt/pg/tpcc/data-20.csv,others,on,10,0.45999999999999996,0,0.0,0.108,0.4413,320,54,51,266,0,0,0
/opt/pg/tpcc/data-20.csv,others,on,10,0.46499999999999997,0,0.0,0.106,0.4492,318,53,50,265,0,0,0
/opt/pg/tpcc/data-20.csv,others,on,10,0.47,0,0.0,0.106,0.4536,319,53,50,266,0,0,0
/opt/pg/tpcc/data-20.csv,others,on,10,0.45399999999999996,0,0.0,0.102,0.433,316,51,46,265,0,0,0
,,,,,,,,,,,,,,,
/opt/pg/tpcc/data-20.csv,others,on,15,0.375,0,0.0,0.08,0.35673333333333335,325,60,55,265,0,0,0
/opt/pg/tpcc/data-20.csv,others,on,15,0.4066666666666667,0,0.0,0.07866666666666668,0.3796666666666667,325,59,53,266,0,0,0
/opt/pg/tpcc/data-20.csv,others,on,15,0.3793333333333333,0,0.0,0.07733333333333332,0.3536666666666667,324,58,54,266,0,0,0
/opt/pg/tpcc/data-20.csv,others,on,15,0.362,0,0.0,0.08,0.34526666666666667,325,60,53,265,0,0,0
/opt/pg/tpcc/data-20.csv,others,on,15,0.38966666666666666,0,0.0,0.07466666666666667,0.35819999999999996,321,56,51,265,0,0,0
/opt/pg/tpcc/data-20.csv,others,on,15,0.3643333333333333,0,0.0,0.08133333333333333,0.3408,326,61,55,265,0,0,0
,,,,,,,,,,,,,,,
/opt/pg/tpcc/data-20.csv,others,on,20,0.36,0,0.0,0.062,0.32330000000000003,329,62,55,267,0,0,0
/opt/pg/tpcc/data-20.csv,others,on,20,0.335,0,0.0,0.068,0.3004,333,68,59,265,0,0,0
/opt/pg/tpcc/data-20.csv,others,on,20,0.374,0,0.0,0.068,0.34095,334,68,57,266,0,0,0
/opt/pg/tpcc/data-20.csv,others,on,20,0.384,0,0.0,0.067,0.35635,333,67,57,266,0,0,0
/opt/pg/tpcc/data-20.csv,others,on,20,0.34800000000000003,0,0.0,0.067,0.32289999999999996,332,67,58,265,0,0,0
/opt/pg/tpcc/data-20.csv,others,on,20,0.361,0,0.0,0.067,0.32789999999999997,333,67,63,266,0,0,0
,,,,,,,,,,,,,,,
/opt/pg/tpcc/data-20.csv,others,on,25,0.3414,0,0.0,0.0544,0.31168,335,68,61,267,0,0,0
/opt/pg/tpcc/data-20.csv,others,on,25,0.3874,0,0.0,0.0544,0.34688,333,68,61,265,0,0,0
/opt/pg/tpcc/data-20.csv,others,on,25,0.3936,0,0.0,0.0536,0.35584,333,67,61,266,0,0,0
/opt/pg/tpcc/data-20.csv,others,on,25,0.38820000000000005,0,0.0,0.055200000000000006,0.35316000000000003,335,69,60,266,0,0,0
/opt/pg/tpcc/data-20.csv,others,on,25,0.3692,0,0.0,0.0592,0.33136,339,74,62,265,0,0,0
/opt/pg/tpcc/data-20.csv,others,on,25,0.3528,0,0.0,0.056799999999999996,0.32176,337,71,62,266,0,0,0
,,,,,,,,,,,,,,,
/opt/pg/tpcc/data-20.csv,others,on,30,0.383,0,0.0,0.048,0.3280666666666667,337,72,62,265,0,0,0
/opt/pg/tpcc/data-20.csv,others,on,30,0.366,0,0.0,0.048,0.3134666666666666,337,72,61,265,0,0,0
/opt/pg/tpcc/data-20.csv,others,on,30,0.3473333333333333,0,0.0,0.04933333333333333,0.29746666666666666,341,74,64,267,0,0,0
/opt/pg/tpcc/data-20.csv,others,on,30,0.3406666666666667,0,0.0,0.04466666666666667,0.2923,333,67,62,266,0,0,0
/opt/pg/tpcc/data-20.csv,others,on,30,0.3896666666666667,0,0.0,0.048666666666666664,0.33316666666666667,339,73,66,266,0,0,0
/opt/pg/tpcc/data-20.csv,others,on,30,0.34199999999999997,0,0.0,0.046,0.29606666666666664,334,69,59,265,0,0,0
,,,,,,,,,,,,,,,
/opt/pg/tpcc/data-20.csv,others,on,35,0.41114285714285714,0,0.0,0.045142857142857144,0.3556,344,79,70,265,0,0,0
/opt/pg/tpcc/data-20.csv,others,on,35,0.38857142857142857,0,0.0,0.03657142857142857,0.35382857142857144,329,64,59,265,0,0,0
/opt/pg/tpcc/data-20.csv,others,on,35,0.41228571428571426,0,0.0,0.038285714285714284,0.3540571428571429,332,67,57,265,0,0,0
/opt/pg/tpcc/data-20.csv,others,on,35,0.3688571428571429,0,0.0,0.038857142857142854,0.3202285714285715,333,68,61,265,0,0,0
/opt/pg/tpcc/data-20.csv,others,on,35,0.4104285714285714,0,0.0,0.03942857142857143,0.3557142857142857,335,69,65,266,0,0,0
/opt/pg/tpcc/data-20.csv,others,on,35,0.3747142857142857,0,0.0,0.04171428571428572,0.31194285714285713,338,73,62,265,0,0,0
,,,,,,,,,,,,,,,
/opt/pg/tpcc/data-20.csv,others,on,40,0.408,0,0.0,0.037,0.327125,339,74,67,265,0,0,0
/opt/pg/tpcc/data-20.csv,others,on,40,0.38649999999999995,0,0.0,0.0335,0.32525,332,67,62,265,0,0,0
/opt/pg/tpcc/data-20.csv,others,on,40,0.434,0,0.0,0.036,0.3532,337,72,66,265,0,0,0
/opt/pg/tpcc/data-20.csv,others,on,40,0.40349999999999997,0,0.0,0.0305,0.336375,326,61,58,265,0,0,0
/opt/pg/tpcc/data-20.csv,others,on,40,0.39049999999999996,0,0.0,0.0325,0.328975,331,65,61,266,0,0,0
/opt/pg/tpcc/data-20.csv,others,on,40,0.40549999999999997,0,0.0,0.0345,0.33072500000000005,334,69,64,265,0,0,0
